loss,accuracy,precision,recall,f1_score
0.3527460992336273,0.7976100444793701,0.5554888844490051,0.08986365050077438,0.15470072101921462
